"","Pathway","N","Up","Down","P.Up","P.Down"
"path:hsa00050","Galactose",7,3,4,0.00286926885648685,0.000105456841015949
"path:hsa00080","Oxidative phosphorylation",5,3,0,0.000865557930068298,1
"path:hsa00020","Citrate cycle",6,3,0,0.00168477799271361,1
"path:hsa00060","Starch",7,0,3,1,0.00286926885648685
"path:hsa00030","Pentose phosphate",4,0,2,1,0.012846651346256
"path:hsa00010","Glycolysis",7,2,2,0.041424446472306,0.041424446472306
"path:hsa00070","TCA",5,0,0,1,1
"path:hsa00040","Fructose",6,0,0,1,1
